profilename,seeking_gender,maxdistance,minage,maxage
aadams,M,20,25,35
aalexander,M,20,30,40
aallen,M,15,20,30
aalonso,F,15,40,45
aalvarez,F,3,20,30
aanand,M,10,40,50
aandersen,F,15,18,25
aanderson,M,20,20,35
aashe,F,20,35,40
abailey,M,15,35,40
abaker,F,15,35,45
abarnes,M,20,50,55
abeck,M,25,18,25
abell,F,10,35,40
abennett,M,15,30,35
ablanco,F,20,25,30
abradley,M,10,35,45
abrooks,M,15,40,45
abrown,M,15,25,35
abryant,M,20,45,55
abutler,M,15,25,35
acai,F,3,30,40
acampbell,F,20,40,40
acarlson,F,3,35,40
acarter,F,15,25,30
acastro,F,25,20,25
achander,F,20,35,40
achandra,F,15,18,25
achavez,F,3,40,50
achen,F,15,45,55
achow,M,15,18,25
aclark,M,5,25,35
acoleman,M,20,20,30
acollins,F,5,30,40
acook,M,10,40,50
acooper,M,15,15,30
acox,M,25,30,40
adavis,M,5,20,30
adeng,F,15,20,30
adiaz,M,15,40,50
adominguez,F,15,30,40
aedwards,F,25,40,45
aevans,F,5,25,35
afernandez,F,20,25,35
aflores,M,5,25,35
afoster,F,20,20,35
agao,F,20,40,45
agarcia,F,10,30,35
agill,F,5,20,30
agoel,F,3,40,45
agomez,F,10,15,25
agonzales,M,25,25,35
agonzalez,F,3,30,40
agray,M,5,35,40
agreen,M,15,40,50
agriffin,M,10,35,40
aguo,F,15,35,40
agutierrez,F,3,40,45
ahall,M,3,40,50
aharris,F,10,45,55
ahayes,M,20,40,45
ahe,M,20,40,55
ahenderson,M,10,25,30
ahernandez,F,25,45,50
ahill,F,15,30,35
ahoward,F,15,35,40
ahu,M,5,25,35
ahuang,M,15,35,40
ahughes,M,3,45,50
ajackson,M,20,40,50
ajames,M,15,40,50
ajenkins,M,20,30,45
ajiménez,F,15,30,45
ajohnson,M,10,35,40
ajones,M,15,35,45
akapoor,F,10,45,55
akelly,M,15,25,35
aking,M,10,20,30
akumar,F,15,35,45
alal,F,10,25,30
alee,M,20,25,35
alewis,F,15,20,30
ali,F,10,40,50
aliang,M,3,18,25
alin,F,5,15,25
aliu,F,10,35,45
along,M,20,45,50
alopez,M,20,40,50
alu,F,5,20,25
aluo,F,15,25,30
ama,F,10,40,55
amadan,F,25,20,25
amalhotra,F,20,40,45
amartin,M,3,40,50
amartinez,F,15,15,30
amcdonald,M,15,40,50
amehta,F,20,35,45
amiller,M,25,25,35
amitchell,F,15,35,45
amoore,M,15,45,55
amoreno,F,10,18,25
amorgan,M,25,25,35
amorris,M,25,45,50
amunoz,M,15,35,45
amurphy,M,20,20,30
anara,F,15,40,50
anath,M,15,35,40
anavarro,F,15,20,30
anelson,F,3,20,25
aortega,F,3,30,40
aparker,M,20,20,30
apatel,F,20,30,40
apatterson,M,20,30,35
aperez,F,3,25,35
aperry,M,20,20,30
apeterson,F,20,40,55
aphillips,F,20,35,45
apowell,M,20,40,45
aprasad,F,3,30,35
aprice,M,15,45,50
arai,M,20,35,40
araji,F,15,35,40
araman,F,5,35,45
aramirez,F,15,40,45
aramos,M,3,35,45
arana,F,15,40,45
areed,M,20,35,45
arichardson,M,10,25,30
arivera,M,3,40,45
aroberts,F,10,40,50
arobinson,F,20,45,55
arodriguez,M,15,15,25
arogers,M,20,40,45
aromero,F,15,35,45
aross,M,5,30,40
arubio,F,3,20,25
aruiz,M,5,25,35
arussell,M,10,25,30
asai,F,20,15,25
asanchez,F,3,20,25
asanders,M,15,40,50
asanz,F,20,15,25
asara,F,15,45,55
ascott,M,5,35,40
aserrano,F,15,35,45
aserrano,M,15,35,45
ashan,F,15,45,55
asharma,F,3,40,50
ashe,F,15,45,50
ashen,F,15,25,40
asimmons,M,15,40,45
asmith,M,25,35,40
astewart,F,15,35,45
asuarez,F,3,40,50
asubram,F,15,20,30
asun,F,5,45,50
asuri,M,15,35,35
atang,F,15,40,50
ataylor,M,15,40,50
athomas,F,10,40,55
athompson,M,10,40,50
atorres,F,5,20,30
aturner,F,10,35,40
avan,F,3,20,30
avazquez,F,5,40,45
awalker,M,20,40,45
awang,F,15,45,55
award,M,10,35,45
awashington,F,10,30,35
awatson,F,15,18,25
awatson,M,15,18,25
awedge,F,10,20,30
awest,M,20,30,40
awhite,F,20,30,40
awilliams,M,3,40,40
awilson,F,10,20,30
awinston,M,15,20,30
awood,F,25,15,25
awright,M,5,25,35
awu,F,20,30,40
axie,F,3,35,40
axu,F,15,35,45
ayang,F,15,40,50
aye,M,15,20,25
ayoung,F,20,45,50
ayuan,F,20,45,50
azeng,F,20,20,30
azhang,M,10,40,50
azhao,F,15,40,50
azheng,M,15,25,35
azhou,F,15,18,25
azhu,F,5,20,25
balan,F,15,30,40
balbrecht,F,10,40,50
balonso,F,10,45,50
balvarez,F,10,35,40
banand,F,20,40,45
bandersen,F,20,25,40
banderson,F,10,18,25
barun,M,20,35,45
bashe,M,20,25,35
bbailey,F,25,25,35
bbarnes,F,10,40,45
bbeck,M,3,45,50
bbell,F,5,20,25
bbennett,F,15,25,35
bblanco,F,20,40,50
bbrooks,F,5,30,35
bbrown,F,15,20,30
bbryant,F,25,35,45
bbutler,F,15,30,40
bcai,M,20,35,45
bcarlson,F,25,15,25
bcarson,F,5,30,40
bchande,F,15,35,40
bchandra,M,25,30,40
bchapman,F,25,20,30
bchen,M,20,40,50
bclark,F,20,25,35
bcoleman,F,15,35,40
bcook,F,3,25,40
bcooper,F,15,25,35
bcox,F,3,35,45
bdavis,F,25,15,25
bdeng,M,20,30,40
bdiaz,F,20,25,30
bdominguez,F,15,25,30
bfernandez,F,15,30,40
bflores,F,10,25,35
bfoster,F,10,25,35
bgao,M,5,40,45
bgarcia,M,15,18,25
bgill,F,25,25,30
bgoel,M,20,30,40
bgomez,F,5,18,25
bgonzales,F,15,30,35
bgonzalez,M,15,40,45
bgray,F,10,25,35
bgriffin,F,15,45,50
bgutierrez,F,15,35,50
bharris,F,15,30,35
bhayes,F,20,25,30
bhe,M,10,35,45
bhenderson,F,20,35,45
bhernandez,F,15,30,45
bhoward,F,20,30,40
bhu,M,15,20,30
bhuang,M,15,18,25
bhughes,F,25,20,30
bjackson,F,25,25,35
bjai,M,15,40,50
bjames,F,20,45,55
bjenkins,F,15,20,25
bjiménez,F,10,30,40
bjohnson,F,15,25,35
bjones,F,5,25,35
bkapoor,F,15,30,40
bkelly,F,5,40,45
bkumar,M,15,40,45
blal,F,15,35,45
blauer,F,10,20,30
blee,F,20,18,25
blewis,F,3,30,40
bli,M,15,30,40
bliang,M,5,30,40
blin,M,10,20,30
bliu,M,15,15,25
blong,F,10,40,45
blopez,M,15,25,30
blu,M,5,30,40
bluo,M,20,40,45
bma,M,25,30,35
bmadan,M,20,15,25
bmalhotra,M,25,15,25
bmartin,F,10,35,45
bmartinez,F,20,35,40
bmehta,M,5,45,50
bmiller,F,5,20,25
bmoore,F,20,25,35
bmoreno,M,10,45,50
bmorgan,F,10,45,55
bmorris,M,20,18,25
bmunoz,F,20,40,50
bmurphy,F,3,40,50
bnara,M,15,35,45
bortega,F,10,30,35
bpal,F,25,25,30
bpatterson,F,3,30,40
bperez,M,15,40,45
bperry,F,10,45,55
bpeterson,F,3,20,30
bpowell,F,15,35,40
bprasad,M,15,20,30
bprice,F,15,30,40
bpritchett,F,5,25,35
brai,M,5,25,30
braje,F,15,35,45
braji,F,25,25,35
braman,F,20,35,40
bramirez,F,10,25,30
brana,M,5,20,25
bray,F,20,20,30
breed,M,25,25,35
brichardson,F,15,40,50
brivera,M,15,35,40
brobinson,F,20,35,40
brodriguez,F,15,40,45
brogers,F,15,20,25
brogers,M,15,20,25
bromero,F,15,40,45
bross,F,20,30,40
brubio,F,25,25,40
bruiz,F,25,40,50
brussell,F,3,25,35
bsai,M,25,35,40
bsanchez,F,15,40,50
bsanders,F,25,40,45
bsaunders,M,10,40,50
bschmidt,F,20,40,50
bserrano,F,15,45,55
bsharma,M,10,35,50
bshe,F,15,30,40
bshen,F,20,20,30
bsimmons,F,20,20,30
bsmith,F,10,20,30
bsrini,M,5,15,25
bstewart,F,15,35,40
bstone,M,15,20,30
bsuarez,F,10,40,50
bsubram,F,15,20,30
bsuri,M,10,25,35
btang,F,15,40,45
btaylor,F,15,18,25
bthames,F,15,45,55
bthomas,F,3,18,30
bthompson,F,3,20,30
btorres,F,15,35,45
btownsend,F,20,18,25
bvan,M,15,35,40
bwalker,M,25,35,40
bwang,M,20,25,35
bwashington,F,15,45,50
bwatson,F,3,40,50
bwilson,F,10,40,50
bwinter,F,25,30,40
bwu,M,20,25,35
bxie,M,15,40,50
bxu,F,10,35,45
bye,M,25,40,45
byuan,F,10,25,30
bzeng,M,25,40,50
bzhang,F,5,25,35
bzhang,M,5,25,35
bzhao,M,5,25,35
bzheng,M,20,40,50
bzhou,M,10,20,30
bzhu,F,15,18,25
cadams,F,15,25,30
callen,F,3,20,30
calonso,M,20,45,50
canand,F,20,20,30
candersen,F,5,30,35
canderson,F,5,40,55
carun,F,10,40,50
cbailey,F,20,30,35
cbaker,F,20,40,50
cbell,F,20,30,35
cbrooks,F,15,45,50
cbrown,F,20,40,45
cbrown,M,20,40,45
cbrowning,M,15,35,40
ccai,F,5,40,45
ccampbell,F,15,25,30
ccarlson,M,5,40,50
ccarter,M,15,25,35
cchandra,M,15,40,45
cchen,F,10,40,50
cclark,F,20,25,35
ccollins,F,15,25,40
ccook,F,10,30,40
ccooper,F,25,35,40
ccox,F,3,35,45
cdavis,F,25,35,40
cdeng,F,15,35,45
cdominguez,F,10,15,30
cedwards,F,20,18,25
cedwards,M,20,18,25
cevans,F,10,40,45
cevans,M,10,40,45
cfernandez,M,10,40,45
cfoster,M,15,25,30
cgao,F,5,30,40
cgarcia,F,15,20,30
cgill,M,15,35,45
cgoel,F,3,20,30
cgonzalez,M,10,40,50
cgray,F,3,35,40
cgreen,F,20,40,45
cguo,F,3,25,35
cgutierrez,M,15,20,30
chall,F,3,45,50
charris,F,15,30,40
che,F,10,30,35
chernandez,F,15,20,25
chill,F,15,35,45
choward,F,15,40,50
chu,F,5,35,45
cjackson,F,25,25,35
cjai,F,20,20,35
cjames,M,25,25,30
cjohnson,F,10,45,55
cjones,F,15,25,40
ckapoor,M,20,40,50
ckelly,F,3,35,40
cking,F,15,20,25
ckumar,F,20,25,35
clal,F,10,40,50
clee,F,20,40,50
clewis,M,25,18,25
cli,F,3,18,25
cliang,F,10,35,45
clin,F,20,20,30
cliu,F,5,30,40
clopez,M,20,35,45
clu,M,25,20,25
cluo,F,20,25,30
cma,F,3,35,45
cmadan,M,10,30,40
cmalhotra,F,10,45,50
cmartin,F,20,40,50
cmartinez,F,10,25,35
cmehta,F,3,40,50
cmiller,F,10,20,25
cmitchell,F,10,20,25
cmoore,F,3,35,45
cmorgan,F,25,20,30
cmorris,F,10,25,30
cmurphy,F,15,40,50
cnara,F,25,25,30
cnath,F,20,25,35
cnavarro,M,5,35,40
cnelson,F,10,45,50
cpal,F,20,30,40
cparker,F,5,20,30
cpatel,M,10,40,55
cpatterson,F,15,25,35
cperez,F,20,45,50
cperry,M,3,15,25
cpeterson,F,15,35,45
cphillips,M,20,35,50
cprasad,M,5,25,35
crai,M,20,20,25
craje,F,25,25,35
craji,F,25,35,45
craman,M,3,45,50
cramirez,F,10,25,30
cramos,M,15,25,35
crana,F,20,25,30
creed,F,3,25,40
crichardson,M,20,35,45
crivera,F,20,30,40
croberts,F,20,40,50
crobinson,F,3,25,30
crodriguez,F,15,30,40
crogers,F,25,25,30
crowe,M,5,20,30
csai,F,15,35,45
csanchez,M,15,20,25
csanders,F,20,30,40
csanz,M,20,40,50
csara,F,10,40,45
csaunders,M,15,35,45
cscott,M,15,35,45
cserrano,M,10,40,50
cshan,F,15,30,40
csharma,F,20,35,45
cshe,F,15,30,35
cshen,F,15,40,55
csimmons,M,15,45,50
csmith,F,5,40,50
csrini,M,10,30,40
cstewart,F,20,45,50
csuarez,M,3,35,40
csubram,M,20,25,30
csuri,M,15,35,45
ctang,F,15,40,50
ctaylor,F,25,50,50
cthomas,F,5,40,50
cthompson,F,15,18,25
ctorres,M,15,40,50
cturner,F,15,35,40
cvazquez,M,20,25,35
cwalker,F,20,20,25
cwang,F,15,20,25
cward,F,3,25,30
cwashington,M,10,30,35
cwatson,F,20,25,35
cweber,M,15,40,50
cwhite,F,15,25,40
cwilliams,F,15,20,30
cwilson,M,20,45,55
cwinston,F,10,45,55
cwright,F,10,30,35
cwu,F,20,25,35
cxie,F,10,45,50
cxu,F,3,40,50
cyang,F,10,25,35
cyoung,M,5,30,35
cyuan,M,20,20,30
czeng,F,25,35,40
czhang,F,25,20,30
czheng,F,20,30,40
czhou,F,20,40,45
czimmerman,F,3,45,50
dalonso,M,25,35,45
dalvarez,F,3,20,25
danand,M,20,25,35
danderson,F,10,35,45
darun,F,15,25,35
dbeck,F,20,20,30
dblanco,F,5,45,55
dbradley,M,20,15,30
dbrown,F,20,30,45
dcarlson,M,25,40,45
dchande,F,15,25,35
dchander,F,20,40,50
dchandra,F,20,20,25
dclark,F,5,20,30
ddavis,F,10,40,45
ddiaz,M,20,35,45
ddominguez,M,15,30,40
dfernandez,M,15,30,40
dfoster,M,20,20,30
dgarcia,F,15,40,50
dgill,M,15,25,35
dgoel,F,10,40,50
dgomez,M,15,40,45
dgonzalez,F,5,25,30
dgutierrez,F,25,20,30
dharris,F,5,35,45
dhernandez,M,20,35,40
dhughes,M,15,25,35
djackson,F,10,20,25
djai,F,10,35,50
djimenez,M,20,20,30
djiménez,M,15,20,30
djohnson,F,10,30,35
djones,F,3,20,30
dkapoor,F,10,15,25
dkovár,F,10,25,35
dkumar,F,15,25,30
dlal,F,25,25,35
dlee,M,3,20,30
dlewis,F,20,25,30
dlewis,M,20,25,30
dlopez,M,5,35,40
dmadan,F,10,35,45
dmalhotra,F,10,35,40
dmartin,M,10,35,45
dmartinez,F,15,35,50
dmcdonald,F,25,20,30
dmehta,F,15,20,25
dmiller,F,3,35,45
dmoore,F,25,35,40
dmoreno,M,10,40,50
dmunoz,F,15,30,40
dmuñoz,M,15,35,45
dnara,F,25,40,45
dnath,F,25,15,25
dnatsuhara,F,10,30,40
dnavarro,F,20,45,50
dortega,M,5,20,30
dpal,F,15,35,40
dpatel,F,3,45,50
dperez,M,25,40,50
dprasad,F,20,25,30
dprice,M,5,25,35
draje,F,20,35,40
draji,F,15,25,35
draman,M,5,40,45
dramos,M,15,20,25
drana,F,15,20,35
drobinson,F,10,45,50
drodriguez,F,10,35,40
droessler,M,10,20,25
dromero,F,15,35,50
drubio,M,25,25,35
druiz,M,5,35,45
dsai,F,25,30,40
dsanchez,M,5,40,45
dsanz,M,25,30,35
dsara,F,10,45,55
dsaunders,F,5,40,45
dschmidt,F,20,25,35
dserrano,M,10,35,40
dshan,F,5,20,30
dsharma,F,20,30,40
dshe,F,10,30,40
dshen,F,3,30,35
dsrini,F,5,25,35
dstone,M,20,35,45
dsuarez,M,20,25,35
dsubram,F,20,30,45
dsuri,F,10,45,50
dtang,F,3,30,40
dtaylor,F,15,25,30
dthomas,F,10,40,50
dthompson,F,5,30,40
dtorres,M,25,40,50
dtownsend,F,25,35,45
dvance,M,3,40,50
dvazquez,M,25,40,50
dwagner,M,15,40,50
dwalker,F,10,35,45
dweber,F,10,30,40
dweisman,M,5,40,50
dwhite,F,20,45,50
dwilliams,F,15,25,30
dwilson,F,20,30,35
dxie,F,3,35,40
dxu,F,3,20,25
dyuan,F,15,35,45
eadams,M,15,40,50
ealexander,F,10,30,40
eallen,M,15,30,40
ealvarez,F,20,35,45
ebaker,F,15,30,35
ebarnes,F,25,25,30
eblanco,F,10,30,35
ebradley,M,10,30,35
ebrown,M,20,30,40
ebryant,M,10,40,50
ebutler,F,25,40,45
ecampbell,F,15,45,55
ecarter,F,3,25,30
eclark,F,15,40,55
eclark,M,15,40,55
ecoleman,M,10,50,55
ecollins,F,15,25,30
edavis,M,25,35,45
ediaz,M,25,35,40
edominguez,M,3,35,45
eedwards,F,15,20,25
eevans,F,3,40,50
eflores,F,15,25,35
efoster,F,15,35,40
egarcia,M,3,40,45
egill,F,5,30,35
egomez,F,10,20,25
egonzales,M,5,40,50
egonzalez,F,15,20,30
egreen,F,20,40,50
egriffin,F,20,30,35
egutierrez,F,15,25,40
ehall,F,5,25,30
eharris,M,15,30,35
ehayes,M,15,40,45
ehenderson,F,15,35,40
ehernandez,F,25,35,45
ehill,F,20,20,30
ehughes,M,20,35,40
ejackson,F,15,30,40
ejenkins,M,5,45,50
ejimenez,F,15,35,45
ejohnson,M,5,25,30
ejones,M,25,35,45
eking,F,15,20,30
elee,M,20,30,40
elewis,M,10,45,50
elong,M,5,45,55
elopez,F,15,35,40
emartin,F,3,30,35
emartinez,M,15,35,45
emiller,M,10,25,30
emoore,M,15,20,25
emunoz,F,15,35,40
enavarro,F,10,25,30
eortega,F,25,35,40
eparker,F,3,20,25
epatterson,M,10,30,35
eperez,F,15,30,35
eperry,F,20,30,45
ephillips,F,5,30,35
epowell,M,3,25,35
eprice,F,10,35,45
eprice,M,10,35,45
eramos,F,5,30,35
eroberts,F,15,20,30
erobinson,M,20,25,30
erodriguez,M,20,40,40
eromero,F,15,35,40
eross,M,15,20,25
erubio,F,15,20,30
eruiz,F,10,18,25
erussell,F,10,35,45
esanz,F,25,35,45
escott,F,10,20,25
eserrano,F,10,40,45
esimmons,M,3,35,45
esuarez,F,15,30,40
etaylor,M,3,30,40
ethomas,M,15,35,45
ethompson,M,20,20,25
etorres,F,20,35,45
eturner,F,20,25,35
evazquez,F,3,30,35
ewalker,M,25,35,45
ewashington,F,15,35,40
eweisman,M,10,18,25
ewest,M,10,25,35
ewhite,M,20,25,35
ewilson,M,15,20,25
ewood,M,25,35,45
ewright,F,10,35,40
eyoung,F,25,35,45
falexander,F,15,20,25
falvarez,F,15,35,45
fbarnes,F,20,30,35
fbennett,F,15,40,55
fblanco,F,3,20,30
fbryant,F,20,30,35
fbutler,F,25,20,25
fcarlson,F,15,40,45
fcoleman,F,5,40,50
fdiaz,F,10,40,45
fdominguez,F,5,35,45
fflores,M,15,30,35
fgill,F,5,30,40
fgomez,F,15,30,40
fgonzales,F,15,25,30
fgriffin,F,10,15,30
fgutierrez,F,5,20,30
fhayes,M,25,40,50
fhernandez,F,10,30,45
fhughes,M,5,20,25
fjenkins,M,15,35,45
fjimenez,F,10,35,50
flong,F,15,40,50
fmartin,F,15,40,45
fmoreno,F,25,25,30
fmunoz,M,25,25,30
fnavarro,F,20,25,35
fpatterson,F,15,18,25
fperry,F,5,45,50
fprice,F,25,20,25
framos,F,10,20,25
fromero,F,20,45,55
fross,F,10,20,25
frubio,F,10,30,40
fruiz,F,20,20,30
frussell,F,5,30,40
fsanz,F,15,40,50
fserrano,F,3,30,35
fstiller,F,10,40,45
fsuarez,F,10,40,50
ftorres,F,10,20,30
fvazquez,F,15,35,45
fwashington,F,3,20,25
fwood,F,10,30,35
gadams,F,10,25,30
galexander,M,10,25,30
gallen,F,10,30,35
galonso,M,15,20,30
galvarez,F,20,45,50
garun,M,20,35,50
gbailey,F,20,20,25
gbaker,M,20,40,50
gbell,F,25,40,50
gblanco,M,10,25,35
gbradley,M,25,25,35
gbrooks,F,15,30,40
gbutler,M,20,30,40
gcampbell,M,15,30,40
gcarlson,M,10,45,50
gcarter,F,15,40,45
gchandra,F,20,50,55
gcollins,M,15,30,40
gcook,F,10,35,45
gcooper,F,15,20,30
gcox,F,10,20,30
gdiaz,M,25,45,50
gdominguez,F,10,25,35
gevans,M,15,35,40
gfernandez,F,15,35,45
ggarcia,F,3,20,30
ggill,M,5,25,35
ggomez,F,15,35,40
ggomez,M,15,35,40
ggonzales,M,3,40,45
ggonzalez,M,3,25,30
ggray,M,15,18,25
ggreen,M,15,25,35
ggriffin,F,10,25,35
ggutierrez,F,25,25,35
ghall,M,5,40,40
ghernandez,M,3,30,40
ghill,M,15,20,25
ghoward,F,5,40,45
gjames,F,10,25,35
gjimenez,F,10,20,30
gjiménez,M,25,35,45
gjordan,F,10,35,40
gkapoor,F,15,45,50
gkelly,F,15,35,45
gking,M,3,45,50
glopez,M,3,20,30
gmadan,F,3,40,50
gmalhotra,F,5,35,45
gmartin,F,15,18,25
gmartinez,F,20,40,50
gmcdonald,F,20,30,35
gmehta,F,25,25,35
gmitchell,M,15,20,25
gmoore,M,3,35,45
gmoreno,F,10,25,35
gmorgan,F,25,35,40
gmorris,F,20,20,25
gmunoz,F,5,20,25
gmurphy,F,15,20,30
gnavarro,F,25,40,50
gnelson,M,10,30,40
gortega,M,10,25,30
gparker,M,10,30,35
gpatel,F,3,25,30
gperez,F,20,45,55
gpeterson,M,20,25,35
gphillips,M,15,40,55
gprasad,F,15,35,50
graman,F,20,40,50
gramirez,F,20,40,50
gramos,F,15,20,30
grana,F,15,25,30
greed,M,25,35,40
grichardson,F,20,25,40
grichardson,M,20,25,40
grivera,F,5,15,25
groberts,M,15,30,35
grodriguez,F,15,40,45
grogers,F,15,25,30
gromero,M,20,18,25
grubio,F,10,35,45
grubio,M,10,35,45
gruiz,F,10,20,30
grussell,M,25,45,50
gsai,F,3,20,30
gsanchez,M,15,45,50
gsanders,F,15,40,50
gsanz,F,5,20,25
gsara,F,20,35,40
gschmidt,M,15,20,25
gscott,M,15,45,55
gserrano,F,20,40,45
gsrini,F,15,30,35
gstewart,F,15,15,25
gsuarez,M,10,30,40
gsubram,F,20,25,40
gsuri,F,15,35,45
gtaylor,F,3,25,35
gtorres,M,5,40,50
gtravers,F,10,15,25
gturner,M,10,30,40
gvance,M,20,45,55
gvazquez,F,20,25,35
gward,F,5,40,50
gwatson,F,15,35,50
gwhite,F,5,40,45
gwinston,F,20,30,40
gwright,M,15,15,25
gyoung,M,15,30,40
halexander,M,15,30,35
handerson,M,25,30,40
harun,F,15,40,50
hbarnes,M,15,30,40
hbennett,M,10,20,30
hbrown,M,25,40,50
hbryant,M,15,20,30
hbutler,M,15,25,35
hchandra,M,25,40,50
hchapman,F,15,35,40
hclark,M,5,25,30
hcoleman,F,20,25,35
hdavis,M,5,40,45
hdiaz,M,3,35,40
hfernandez,M,3,15,30
hflores,M,15,45,50
hfoster,M,15,50,55
hgarcia,F,15,40,50
hgonzales,M,5,35,40
hgonzalez,F,10,40,45
hgriffin,M,3,18,25
hhall,M,15,40,50
hharris,M,10,15,25
hhayes,M,15,35,40
hhenderson,M,15,20,30
hjackson,M,10,30,40
hjenkins,M,3,35,50
hjohnson,M,3,45,55
hjones,M,10,35,45
hkapoor,M,20,25,35
hlee,M,25,45,55
hlewis,M,15,30,40
hlong,M,20,25,30
hlopez,M,20,30,40
hmadan,F,15,20,25
hmalhotra,M,20,30,40
hmartinez,M,20,45,50
hmehta,F,20,35,45
hmoore,M,5,30,40
hnelson,F,10,40,50
hpatel,F,3,20,25
hpatterson,M,25,30,40
hperez,M,20,18,25
hpowell,M,15,35,40
hprasad,M,15,35,40
hprice,M,15,40,45
hraman,M,10,30,40
hrana,M,3,30,40
hrobinson,M,10,40,50
hrodriguez,M,10,45,50
hross,M,20,40,45
hrussell,M,15,45,50
hsai,M,20,35,40
hsanchez,M,5,25,35
hsara,M,10,15,25
hsmith,F,10,25,35
hsmith,M,10,25,35
hsrini,M,15,25,35
hstone,F,15,35,45
hsubram,M,3,40,45
hsullivan,F,25,30,40
hsuri,F,10,25,35
hthomas,M,25,30,40
hthompson,M,15,20,25
hvance,M,15,20,30
hwalker,M,15,18,25
hwashington,M,15,45,55
hwilliams,M,25,40,50
hwilson,M,15,30,40
hwood,M,10,35,40
hyoung,F,15,25,35
ialexander,F,25,40,50
ibailey,F,15,40,50
ibarnes,F,3,35,40
ibell,F,10,15,30
ibennett,F,25,40,50
ibrooks,F,25,15,25
ibryant,F,5,25,30
icoleman,F,20,15,30
icook,F,15,20,30
icooper,F,5,18,25
icox,F,5,40,50
idiaz,F,15,40,50
iflores,F,15,30,35
ifoster,F,25,40,45
igonzales,F,15,20,25
igray,F,5,18,25
igriffin,F,10,25,30
ihayes,F,5,25,35
ihenderson,F,15,20,25
ihoward,F,15,40,50
ihughes,F,15,20,25
ijames,F,15,50,55
ijenkins,F,15,25,35
ikelly,F,15,30,40
ikelly,M,15,30,40
ilong,M,3,20,30
imorgan,F,20,25,35
imorris,F,15,20,25
imurphy,M,10,45,50
ipatterson,F,15,15,25
iperry,M,15,30,45
ipeterson,F,25,30,40
ipowell,F,15,15,25
iprice,F,20,20,25
iramirez,F,15,20,30
ireed,F,15,30,40
irichardson,F,10,35,45
irivera,F,15,15,25
irogers,F,20,25,30
iross,F,20,30,35
irussell,F,15,20,25
isanchez,F,20,25,35
isanders,F,20,35,45
isimmons,M,25,45,50
istewart,F,15,25,35
itorres,F,15,25,35
iward,F,10,20,25
iwashington,F,20,40,50
iwatson,F,10,30,35
iwood,F,10,30,45
jadams,M,10,18,25
jalan,M,10,35,40
jalexander,F,15,25,30
jallen,M,3,25,35
jalonso,F,15,25,30
jalvarez,M,5,30,40
janand,F,20,25,30
jandersen,M,10,20,30
janderson,M,25,20,25
jarthur,F,15,25,30
jashe,F,20,40,45
jbailey,F,10,30,40
jbaker,M,10,20,30
jbarnes,F,15,35,40
jbecker,M,25,25,35
jbell,F,25,25,40
jbelson,F,3,35,50
jbennett,M,25,40,50
jblanco,M,3,45,50
jbrooks,F,20,40,45
jbrown,M,20,40,50
jbrowning,F,10,40,50
jbryant,F,20,20,30
jbutler,M,10,50,55
jcai,F,20,45,50
jcampbell,F,15,30,35
jcarlson,M,10,40,45
jcarter,F,10,45,50
jchande,M,3,15,25
jchander,M,15,40,45
jchandra,F,15,40,50
jchapman,F,25,40,45
jchavez,F,20,35,40
jchavez,M,20,35,40
jchen,F,25,30,35
jclark,M,10,35,40
jcoleman,M,25,30,35
jcollins,F,15,45,50
jcook,F,5,30,40
jcooper,M,5,35,40
jcox,F,15,30,40
jdavis,M,20,40,50
jdeng,M,10,18,25
jdiaz,F,15,35,40
jdiaz,M,15,35,40
jdominguez,M,10,35,45
jedwards,F,10,40,55
jevans,F,3,45,50
jfernandez,F,15,40,50
jferrier,M,10,45,55
jflores,M,10,20,30
jfoster,F,3,15,25
jgao,M,15,30,35
jgarcia,M,15,20,30
jgill,F,10,35,40
jgoel,F,5,25,35
jgomez,F,15,20,35
jgonzales,M,20,50,50
jgonzalez,F,5,45,55
jgray,F,10,40,50
jgreen,F,5,20,25
jgriffin,M,15,25,35
jguo,M,3,20,30
jgutierrez,F,15,30,40
jhall,F,15,30,40
jharris,M,15,30,40
jhe,M,20,40,45
jhenderson,M,5,45,50
jhernandez,M,15,30,35
jhill,F,15,25,35
jhoward,M,20,25,35
jhu,F,15,25,35
jhuang,M,3,15,25
jhughes,M,25,30,40
jjackson,M,15,25,35
jjai,F,20,25,35
jjames,M,20,15,25
jjenkins,M,10,35,45
jjimenez,M,20,30,35
jjohnson,F,15,25,30
jjohnston,M,25,35,45
jjones,M,15,35,45
jjordan,F,15,45,50
jkapoor,F,15,30,35
jkelly,M,15,18,25
jking,M,15,30,40
jkumar,F,3,35,45
jkumar,M,3,35,45
jlal,M,10,25,35
jlee,F,3,30,45
jlewis,M,15,40,50
jli,M,5,30,35
jliang,F,3,20,30
jlin,M,15,25,30
jliu,M,10,15,30
jlong,M,5,35,45
jlopez,F,15,20,25
jlu,M,20,30,35
jluo,F,20,25,35
jma,F,20,40,55
jmadan,F,10,40,50
jmalhotra,F,20,20,25
jmartin,F,10,40,50
jmartinez,F,15,25,35
jmcdonald,M,3,35,45
jmehta,F,10,50,55
jmiller,M,20,35,45
jmitchell,F,15,40,55
jmoore,F,15,25,35
jmoreno,F,15,30,35
jmorgan,F,3,20,35
jmorris,M,10,45,55
jmoyer,F,20,20,30
jmunoz,F,20,30,35
jmuñoz,M,25,20,30
jmurphy,F,15,30,35
jnara,F,10,45,50
jnath,M,15,40,50
jnavarro,M,20,35,40
jnelson,F,3,20,30
jnicholls,F,15,25,30
jnicholls,M,15,25,30
jortega,M,3,25,35
jpal,F,3,45,50
jparker,F,15,40,50
jpatel,F,15,25,35
jpatterson,F,10,30,35
jperez,F,20,35,40
jperry,F,5,30,40
jpeterson,M,15,30,40
jphillips,F,15,40,50
jpowell,F,25,35,40
jprasad,F,20,20,30
jprice,F,20,20,30
jptaszynski,M,20,40,50
jrai,F,3,45,50
jraje,F,3,45,55
jraji,M,15,35,40
jraman,F,5,35,40
jramirez,F,3,30,35
jramos,M,3,20,25
jrana,F,5,20,25
jreed,F,20,45,55
jrichardson,M,3,25,35
jrivera,F,10,30,40
jroberts,M,10,25,35
jrobinson,F,5,35,45
jrodriguez,M,10,40,45
jrogers,F,20,40,50
jromero,M,10,25,30
jross,M,10,20,25
jrubio,F,10,25,30
jruiz,F,20,30,45
jrussell,M,25,15,25
jsai,F,3,40,50
jsanchez,F,10,40,45
jsanders,M,5,25,30
jsandoval,M,5,30,40
jsanz,M,25,40,45
jsara,F,20,20,25
jschmidt,F,10,20,30
jscott,F,15,30,40
jserrano,F,10,40,45
jshan,F,25,35,45
jsharma,M,25,40,45
jshe,F,15,30,35
jshen,M,20,25,40
jsimmons,M,25,35,45
jsmith,F,10,15,25
jsrini,F,15,20,30
jstewart,F,5,30,40
jsuarez,F,5,45,50
jsubram,F,3,20,25
jsun,M,10,25,40
jsuri,F,15,25,30
jtang,F,10,40,55
jtaylor,F,10,40,50
jthomas,M,25,35,40
jthompson,M,15,20,30
jtorres,F,3,40,50
jtravers,M,15,25,30
jturner,M,15,25,35
jvance,M,15,35,40
jvazquez,F,15,25,35
jwagner,M,10,40,50
jwalker,M,25,35,50
jwang,F,15,40,55
jward,F,15,35,45
jwashington,M,15,25,35
jwatson,F,25,20,25
jweber,F,10,30,40
jwest,F,20,35,40
jwhite,M,20,40,50
jwilliams,F,20,20,30
jwilliams,M,20,20,30
jwilson,F,15,40,45
jwood,F,15,40,50
jwright,M,15,20,30
jwu,M,3,40,50
jxie,M,20,20,30
jxu,F,20,25,35
jyang,M,15,30,40
jye,F,25,35,45
jyoung,M,20,40,45
jyuan,F,10,25,35
jzeng,F,20,35,45
jzhang,M,3,35,40
jzhao,F,15,30,45
jzheng,F,5,20,30
jzhou,M,5,35,50
jzhu,F,20,25,35
jzimmerman,M,15,35,40
kadams,F,15,30,40
kalan,F,10,20,30
kalexander,M,5,35,40
kallen,M,20,40,50
kalonso,M,20,35,50
kalvarez,M,20,35,40
kanand,F,15,35,45
kanand,M,15,35,45
kandersen,F,25,30,35
kanderson,M,20,25,35
kashe,M,3,35,45
kbaker,M,10,35,40
kbarnes,M,20,25,40
kbecker,M,15,20,30
kbennett,M,10,30,40
kblanco,M,25,35,45
kbrown,M,10,45,50
kbryant,M,10,45,55
kbutler,M,5,35,45
kcai,M,15,30,35
kcampbell,F,20,35,45
kcarlson,F,10,20,30
kcarlson,M,10,20,30
kcarson,M,10,35,50
kcarter,F,15,25,40
kchande,F,20,35,45
kchander,M,3,30,40
kchapman,F,20,40,45
kchavez,M,25,25,35
kclark,M,15,30,40
kcoleman,M,20,20,25
kcollins,F,20,30,40
kdavis,M,15,40,45
kdeng,M,20,25,30
kdiaz,M,15,40,50
kdominguez,M,15,25,35
kedwards,F,15,45,50
kevans,F,25,30,40
kfernandez,F,10,40,50
kflores,M,20,25,30
kfoster,M,5,45,50
kgao,F,15,40,50
kgarcia,M,20,35,45
kgill,F,10,18,25
kgoel,M,15,20,30
kgoldberg,F,10,18,25
kgomez,M,20,40,45
kgonzales,M,3,45,50
kgonzalez,M,5,45,50
kgreen,F,10,45,55
kgriffin,M,3,25,35
kguo,M,20,20,25
kgutierrez,M,25,45,50
khall,M,20,40,50
kharris,M,10,30,40
kharrison,M,10,30,40
khayes,M,20,30,35
khe,M,20,15,30
khenderson,M,10,35,45
khernandez,F,20,20,25
khill,F,10,30,40
kholt,M,5,15,25
khu,F,15,40,45
khuang,M,3,30,40
khughes,M,10,20,30
kjackson,M,20,40,45
kjai,M,10,35,45
kjenkins,M,20,25,35
kjimenez,M,20,30,40
kjohnson,F,15,35,40
kjohnson,M,15,35,40
kjones,M,10,25,35
kkim,F,15,20,30
kking,F,3,40,50
kkumar,M,15,20,30
klal,M,10,20,30
klee,M,25,25,30
klewis,M,3,40,50
kli,M,20,35,45
kliang,M,20,30,40
klin,F,5,20,30
kliu,F,10,20,30
kliu,M,10,20,30
klong,M,20,40,45
klopez,F,20,25,35
klu,M,25,45,50
kluo,M,5,20,30
kmadan,F,25,18,25
kmalhotra,F,25,25,30
kmartin,M,5,20,30
kmartinez,M,15,15,25
kmehta,F,10,40,50
kmiller,M,10,20,25
kmitchell,F,20,35,45
kmoore,M,3,35,40
kmoreno,F,10,25,40
kmorgan,M,5,20,35
kmunoz,M,10,35,45
kmuñoz,F,10,40,45
knara,M,10,20,30
knason,F,15,40,45
knath,M,15,30,40
knavarro,M,3,25,30
knelson,F,15,25,35
kortega,F,10,35,45
kpal,M,15,35,40
kparker,F,10,20,25
kpatterson,M,15,25,30
kperez,F,10,40,45
kperry,M,10,45,55
kphillips,F,10,25,35
kpowell,M,15,30,35
kprasad,M,15,20,30
kprice,M,20,25,30
krai,M,15,40,45
kraje,F,20,30,40
kraji,M,10,25,40
kraman,F,15,35,40
kramos,M,15,35,45
kroberts,F,10,18,25
krobinson,M,25,35,45
krodriguez,M,15,25,30
kromero,F,20,25,30
kross,M,20,25,35
krubio,F,20,25,35
kruiz,M,25,40,45
krussell,M,20,25,35
ksai,F,20,25,35
ksanchez,F,10,30,40
ksanz,F,15,35,50
kschmidt,F,3,25,40
kscott,M,20,30,35
kserrano,M,25,30,40
kshan,M,5,25,35
ksharma,M,25,20,35
kshe,M,20,20,25
kshen,F,20,25,35
ksimmons,M,10,30,35
ksmith,M,15,25,35
kstone,F,5,45,50
ksuarez,F,10,25,30
ksubram,F,5,40,55
ksun,M,3,25,35
ksuri,F,20,20,30
ktang,F,20,40,50
ktaylor,M,15,30,40
kthomas,M,25,20,35
kthompson,M,20,40,45
ktorres,M,15,20,30
kturner,F,20,25,35
kvance,F,10,30,40
kvazquez,F,15,20,25
kwalker,M,10,25,35
kwang,M,5,35,40
kwashington,M,15,40,45
kwhite,M,20,25,35
kwilliams,M,25,45,50
kwilson,M,25,30,35
kwood,M,5,25,35
kwright,F,5,30,40
kwu,M,20,20,30
kxie,M,15,25,35
kxu,F,3,20,30
kyang,M,3,45,50
kye,M,20,35,45
kyoung,F,20,30,35
kyuan,M,10,45,50
kzeng,M,20,20,35
kzhang,M,25,25,30
kzhao,M,15,30,40
kzhou,M,15,35,40
kzhu,M,25,40,50
ladams,M,15,35,45
lallen,F,20,25,35
lalonso,F,20,45,50
lalvarez,F,25,30,40
lanand,F,20,25,30
landersen,M,15,40,55
lbaker,F,15,35,50
lbecker,F,20,25,35
lblanco,M,15,40,50
lcampbell,F,20,35,45
lcarlson,F,15,20,30
lcarter,F,15,15,25
lchande,F,25,20,25
lchander,M,20,20,35
lchen,F,5,40,45
lcollins,F,20,35,45
ldeng,M,25,20,25
ldiaz,F,15,20,25
ldominguez,F,20,20,25
ledwards,F,20,35,45
levans,F,10,35,40
lferrier,M,5,35,45
lgao,F,5,45,55
lgill,M,10,30,35
lgoel,F,10,30,35
lgomez,M,20,20,25
lgonzalez,F,10,20,30
lgreen,F,15,40,50
lguo,F,20,25,30
lgutierrez,M,15,20,30
lhall,F,25,25,35
lhe,F,15,30,40
lhernandez,M,25,40,45
lhill,F,15,45,55
lhu,F,15,30,35
lhuang,F,10,15,25
ljai,M,15,20,25
ljimenez,M,10,25,35
lking,M,5,15,25
lkumar,F,5,35,45
llal,M,20,25,35
lli,F,20,30,40
lliang,F,25,25,25
lliu,F,3,40,50
llopez,F,10,25,35
llu,F,20,20,25
lluo,M,5,45,50
lma,F,10,40,45
lmartin,F,10,35,40
lmitchell,F,10,40,50
lmoreno,F,25,20,25
lmunoz,F,15,25,30
lnara,F,3,30,45
lnath,F,5,20,30
lnavarro,M,15,35,45
lnelson,F,15,25,40
loliver,F,10,15,30
lortega,F,25,25,40
lpal,F,10,15,25
lparker,F,5,30,30
lperez,F,15,40,45
lphillips,F,5,30,35
lrai,F,20,35,45
lraje,F,20,30,40
lraji,M,5,15,25
lramos,M,25,18,25
lroberts,F,20,15,25
lromero,F,15,35,45
lrowe,F,10,30,40
lrubio,F,10,35,40
lsanz,F,15,20,25
lscott,F,10,45,50
lserrano,F,20,25,35
lshan,F,10,45,55
lsharma,M,15,45,50
lshe,F,10,30,45
lshen,F,10,35,45
lsuarez,M,10,30,35
lsun,M,20,30,35
ltang,F,25,35,45
ltang,M,25,35,45
ltorres,M,15,20,30
ltownsend,F,10,30,40
ltravers,F,10,40,45
lturner,F,5,20,30
lvazquez,F,3,40,50
lwang,F,15,25,35
lwright,F,15,25,30
lwu,F,10,30,40
lxie,F,5,40,50
lxu,M,15,20,30
lyang,F,15,20,30
lye,F,20,40,45
lyoung,F,15,20,30
lyuan,F,25,45,50
lzeng,F,20,40,45
lzhang,F,15,20,30
lzhao,F,20,25,30
lzheng,F,10,25,30
lzhou,F,10,20,30
lzhu,F,10,25,30
madams,M,10,35,40
malexander,M,10,20,30
mallen,F,15,30,35
malvarez,M,5,45,55
manderson,F,15,30,40
marun,M,15,45,50
mashe,M,15,45,50
mbailey,M,3,45,55
mbaker,M,10,35,45
mbarnes,M,25,45,55
mbebbington,F,5,40,50
mbendixen,M,10,15,25
mbennett,M,15,18,25
mblack,F,15,35,45
mblanco,F,15,15,25
mblue,F,10,30,40
mbrooks,F,10,45,50
mbrown,F,10,30,40
mbrowning,M,15,20,30
mbutler,M,10,15,25
mcampbell,F,15,40,45
mcarlson,M,10,25,35
mcarter,F,10,25,35
mchande,M,10,20,25
mchander,F,20,40,50
mchandra,M,25,25,35
mchen,M,15,30,40
mclark,F,5,25,25
mcoleman,M,25,40,50
mcollins,F,25,20,30
mcook,F,10,35,45
mcox,M,25,15,25
mdavis,F,5,35,40
mdeng,M,15,30,35
mdiaz,F,15,30,35
mdominguez,F,15,25,30
mdominguez,M,15,25,30
medwards,M,20,25,25
mevans,F,15,45,50
mfernandez,F,10,45,55
mferrier,F,15,30,35
mferrier,M,15,30,35
mflores,M,15,35,50
mfoster,M,20,45,50
mgao,M,20,30,35
mgarcia,F,15,20,25
mgill,M,10,35,40
mgoel,M,15,40,55
mgomez,F,5,20,30
mgonzales,M,20,30,40
mgonzalez,M,3,20,30
mgray,F,5,20,35
mgreen,F,15,20,30
mgriffin,M,25,40,50
mguo,F,20,20,30
mgutierrez,M,10,20,25
mhall,M,5,40,45
mharris,F,3,30,40
mhe,M,5,20,25
mhenderson,M,10,20,30
mhernandez,F,10,30,40
mhill,M,20,30,40
mhoward,M,15,35,45
mhuang,M,5,18,25
mhughes,M,15,15,30
mjackson,F,20,20,30
mjai,M,3,35,45
mjames,M,25,40,50
mjenkins,M,3,40,45
mjimenez,F,15,25,40
mjohnson,M,15,25,35
mjones,F,5,35,40
mkapoor,M,10,35,45
mkelly,M,25,30,40
mkim,M,10,20,30
mking,F,5,20,30
mkumar,M,15,18,25
mlal,M,5,25,35
mlee,M,3,45,50
mlewis,F,20,25,35
mli,M,10,25,35
mliang,M,15,45,55
mlin,M,25,20,30
mliu,M,5,20,30
mlong,M,20,35,40
mlopez,M,5,40,45
mlu,M,25,45,50
mluo,M,15,35,45
mma,M,15,20,30
mmadan,M,10,45,55
mmalhotra,M,10,25,35
mmartin,F,3,15,25
mmartinez,M,15,30,40
mmehta,F,15,20,30
mmehta,M,15,20,30
mmiller,M,15,15,25
mmitchell,F,15,45,50
mmoore,M,3,30,45
mmoreno,F,10,20,30
mmorgan,M,15,30,35
mmorris,F,5,35,40
mmunoz,M,20,30,35
mmurphy,M,15,25,40
mnara,M,5,40,50
mnath,M,15,15,25
mnavarro,F,10,30,35
mnelson,F,15,25,35
mortega,F,15,45,55
mpal,M,20,40,45
mparker,F,10,25,35
mpatel,F,10,45,50
mpatterson,M,3,18,25
mperez,M,3,35,45
mpeterson,F,20,30,40
mphillips,F,25,25,35
mpowell,M,15,35,45
mprasad,M,20,45,55
mprice,M,15,15,25
mrai,M,20,40,45
mraje,M,5,30,40
mraji,M,10,25,35
mraman,F,15,30,40
mramirez,M,15,20,25
mramos,M,10,25,30
mrana,F,3,25,25
mreed,M,5,20,25
mrichardson,M,25,25,35
mrienstra,F,15,40,45
mrivera,F,25,25,35
mroberts,F,3,20,30
mrobinson,F,15,30,35
mrodriguez,M,15,25,35
mrogers,M,25,20,25
mromero,M,10,40,50
mross,M,20,40,50
mrubio,F,15,25,30
mruiz,M,20,18,25
mrussell,M,5,40,50
msai,M,10,15,30
msanchez,M,5,35,40
msanders,M,20,40,45
msanz,M,15,35,45
msara,F,20,18,25
mschmidt,F,15,30,30
mscott,F,20,30,35
mserrano,M,15,18,25
mshan,M,3,20,25
msharma,M,15,20,25
mshe,F,3,25,35
mshen,M,3,35,45
msmith,M,15,25,35
msrini,F,15,25,30
mstewart,F,3,35,45
mstone,M,15,35,40
msuarez,F,3,20,30
msubram,M,5,20,30
msun,F,15,20,35
msun,M,15,20,35
msuri,F,10,20,30
mtang,M,20,35,50
mtaylor,F,15,25,35
mthomas,M,15,35,45
mthompson,F,5,30,35
mtorres,M,10,40,45
mvance,F,15,40,50
mvazquez,M,20,25,35
mwalker,F,5,18,30
mwang,M,20,40,50
mward,F,20,20,30
mwashington,M,20,35,45
mwatson,F,20,25,35
mwhite,M,10,40,50
mwilliams,F,15,20,25
mwilson,M,3,30,40
mwood,M,20,45,50
mwright,F,10,35,40
mwu,M,10,45,50
mxie,M,20,20,30
mxu,M,5,30,45
mye,M,10,20,30
myoung,F,10,30,40
myuan,M,20,35,45
mzeng,M,15,25,35
mzhang,M,15,35,45
mzheng,M,25,20,30
mzhou,M,15,45,50
mzhu,F,10,35,40
narun,M,20,40,50
nchapman,M,10,20,25
nfernandez,F,20,30,40
ngarcia,M,10,25,30
ngonzalez,F,15,20,35
nkapoor,M,15,45,50
nkovar,M,15,30,35
nlopez,M,3,40,45
nmartinez,M,15,40,45
nmehta,M,5,25,40
nperez,M,15,20,25
nprasad,M,20,40,50
nraman,M,15,30,40
nrana,M,15,20,25
nsai,M,15,30,40
nsanchez,M,10,20,25
nschmidt,M,20,25,30
nsrini,F,15,45,50
nsubram,M,25,25,30
nsuri,M,25,35,45
oalexander,F,15,35,45
oalonso,M,20,40,50
oashe,F,20,50,55
obennett,F,3,30,40
oblanco,F,25,35,45
oblue,M,3,15,25
obryant,F,5,30,40
obutler,F,20,40,50
ocarlson,F,25,25,35
ocoleman,M,15,40,45
odiaz,F,10,40,50
odominguez,F,10,30,35
oflores,F,15,35,40
ofoster,F,15,35,40
ogill,F,25,40,45
ogomez,M,10,40,50
ogonzales,F,15,20,30
ogriffin,F,10,25,30
ogutierrez,F,15,30,45
ohayes,F,10,15,25
ohenderson,F,10,45,50
ohernandez,F,25,40,50
ohughes,F,15,30,40
ojenkins,F,10,40,50
ojiménez,F,20,25,35
olong,F,15,20,30
olu,F,25,35,45
omartin,F,10,45,50
omuñoz,F,3,30,35
opatterson,F,15,40,50
operry,F,10,40,40
oprice,M,3,35,45
oramos,F,20,25,30
oromero,F,15,18,25
oross,F,15,20,25
orubio,F,15,45,55
orussell,F,15,30,35
osanz,F,15,15,25
oserrano,F,15,20,30
osimmons,F,10,40,45
osuarez,F,5,25,35
otorres,F,5,20,30
ovazquez,F,15,30,45
owashington,F,15,15,25
palonso,M,20,40,45
panand,F,3,40,50
parun,F,10,40,50
pashe,M,5,25,30
pbailey,F,5,25,35
pblack,F,15,45,50
pblanco,M,15,30,35
pblue,F,15,15,25
pbrooks,F,3,40,45
pcarlson,M,10,35,45
pchander,F,10,25,40
pchapman,F,3,35,45
pcook,F,15,20,30
pcox,F,20,18,25
pdeng,M,15,30,35
pdiaz,M,15,40,45
pdominguez,M,15,30,35
pfernandez,M,15,20,30
pgarcia,F,10,30,40
pgill,M,15,45,50
pgoel,F,15,35,45
pgonzalez,F,15,30,35
pgray,F,15,25,35
pgutierrez,M,15,35,40
phernandez,M,10,35,45
phoward,F,20,30,40
pjai,F,10,25,30
pjames,F,10,25,35
pjimenez,M,15,25,35
pkapoor,F,25,35,45
pkelly,F,3,25,30
pkumar,F,10,20,30
plopez,F,20,25,35
pluo,F,20,20,30
pmadan,F,5,35,45
pmalhotra,M,15,40,50
pmartin,M,15,40,45
pmartinez,M,15,35,45
pmehta,F,15,35,45
pmoreno,M,15,25,30
pmorgan,F,5,30,40
pmorris,F,10,40,45
pmunoz,M,20,25,30
pmurphy,M,15,30,35
pnara,F,15,20,25
pnath,F,25,30,35
pnavarro,M,10,20,30
portega,M,10,40,50
ppal,F,25,25,35
ppatel,M,5,35,45
pperez,M,5,25,35
ppeterson,F,15,30,40
pprasad,M,25,35,45
prai,F,15,20,25
praje,F,10,45,55
praji,F,20,35,45
praman,F,15,25,35
pramirez,F,3,35,45
pramos,M,3,35,40
prana,M,15,35,50
preed,F,10,35,40
prichardson,F,10,30,40
prodriguez,M,10,30,35
progers,F,5,40,45
promero,M,3,25,30
prubio,M,3,20,30
pruiz,M,10,45,55
psai,M,15,20,25
psanchez,M,15,40,50
psanders,F,20,15,25
psanz,M,20,40,50
psara,F,15,45,50
psaunders,M,3,45,50
pschmidt,M,20,18,25
pshan,F,20,20,30
psharma,F,15,35,45
pshe,F,15,30,40
psmith,F,15,20,30
psrini,F,15,35,45
pstewart,F,15,35,45
psubram,M,10,20,30
psullivan,F,15,40,45
psuri,F,15,35,40
ptang,F,5,25,35
ptorres,F,10,40,50
pvance,M,20,20,25
pvazquez,M,10,45,50
pward,F,15,45,55
pwatson,F,20,45,50
pxie,F,10,45,50
pxu,F,15,30,35
radams,M,10,40,50
ralexander,M,3,20,30
rallen,M,20,40,50
ralonso,F,20,25,35
ralvarez,F,20,15,25
ranand,F,10,20,30
randersen,F,3,40,45
randersen,M,3,40,45
randerson,M,5,45,50
rarthur,F,20,30,45
rarthur,M,20,30,45
rbailey,M,15,40,50
rbaker,M,20,25,35
rblack,F,25,30,40
rblanco,F,10,20,30
rblue,F,15,45,45
rbradley,M,20,20,25
rbrooks,F,20,25,30
rbrown,F,15,20,30
rbrowning,M,20,20,25
rbryant,F,20,45,55
rbutler,F,20,25,35
rcai,F,20,20,30
rcampbell,F,20,40,50
rcarlson,M,20,20,25
rcarson,F,15,45,55
rcarter,F,25,20,30
rchande,F,10,45,50
rchander,F,20,35,45
rchandra,F,15,35,40
rchen,M,10,25,35
rclark,M,3,45,50
rcoleman,F,15,30,40
rcollins,F,10,30,40
rcook,M,10,25,35
rcooper,F,10,40,50
rcox,F,5,20,30
rdavis,F,25,20,30
rdeng,F,15,25,35
rdiaz,M,20,20,25
rdominguez,F,15,20,25
rfernandez,F,20,20,30
rflores,M,5,35,45
rfoster,F,25,45,50
rgao,F,15,35,45
rgarcia,F,15,35,40
rgill,M,20,15,25
rgoel,F,10,30,40
rgomez,F,3,30,35
rgonzales,F,5,40,45
rgonzalez,F,10,45,55
rgray,M,20,25,35
rgreen,M,3,30,40
rgriffin,M,10,40,45
rguo,F,15,40,45
rgutierrez,M,5,40,50
rhall,M,25,25,35
rharris,F,15,45,50
rharui,F,15,35,40
rhayes,F,10,40,50
rhe,F,15,25,30
rhenderson,M,25,20,25
rhernandez,F,20,20,25
rhill,M,3,35,45
rholt,M,10,20,30
rhoward,F,25,35,45
rhu,F,15,18,25
rhuang,F,20,20,25
rhughes,F,25,45,55
rjackson,F,20,35,45
rjai,M,15,40,45
rjames,M,10,40,50
rjenkins,M,25,40,50
rjohnson,F,10,25,30
rjohnston,F,20,35,40
rjohnston,M,20,35,40
rjones,F,20,40,50
rkapoor,F,3,30,40
rkelly,M,10,25,30
rking,M,15,25,35
rkovar,F,15,45,50
rkumar,F,3,35,50
rlal,F,20,35,45
rlee,M,10,20,25
rlewis,M,10,25,35
rliang,M,10,40,50
rlin,F,15,35,45
rliu,F,25,40,50
rlong,F,10,20,35
rlopez,M,5,25,30
rlu,F,10,35,45
rluo,F,15,45,50
rma,F,20,30,35
rmadan,F,20,15,25
rmalhotra,F,20,25,35
rmartin,F,10,18,25
rmartinez,M,25,25,35
rmehta,F,25,40,45
rmiller,F,15,20,30
rmitchell,F,10,18,25
rmoore,M,10,40,45
rmoreno,F,10,45,55
rmorgan,M,20,35,45
rmorris,M,10,25,30
rmunoz,F,3,30,40
rmurphy,F,3,30,40
rnara,F,15,40,50
rnath,F,20,20,30
rnavarro,M,20,45,55
rortega,F,10,20,30
rpal,F,25,25,35
rparker,F,15,18,30
rpatel,F,3,25,40
rpatterson,M,15,40,50
rperez,F,20,25,30
rperry,M,15,30,35
rpeterson,F,20,25,35
rphillips,M,25,45,55
rpowell,M,15,35,40
rprasad,F,15,30,40
rprice,M,25,35,50
rrai,F,5,45,50
rraje,F,3,20,30
rraji,F,15,40,45
rraman,F,5,20,30
rramirez,M,5,40,50
rramos,M,10,45,55
rrana,F,15,35,45
rreed,M,5,30,40
rrichardson,M,20,45,55
rrivera,F,25,25,30
rroberts,M,15,40,50
rrobinson,F,3,35,45
rrodriguez,M,20,25,35
rrogers,M,15,30,40
rromero,F,3,25,35
rross,F,20,40,50
rrubio,M,20,25,40
rruiz,F,15,35,45
rrussell,F,10,30,40
rsai,F,25,20,25
rsanchez,F,20,25,30
rsanders,F,10,20,30
rsanz,F,15,25,40
rsara,F,10,20,30
rscott,F,20,18,25
rserrano,F,20,30,40
rshan,F,20,25,35
rsharma,F,20,40,45
rshe,F,15,25,35
rshen,F,5,20,25
rsimmons,F,3,20,25
rsmith,F,15,20,30
rsrini,F,10,35,40
rstone,F,5,35,40
rsuarez,F,15,20,25
rsubram,F,25,35,40
rsun,F,10,20,30
rsuri,F,5,25,30
rtang,F,3,20,30
rtaylor,M,15,40,45
rthirunavukkarasu,F,25,40,50
rthomas,M,20,25,30
rthompson,F,20,25,30
rtorres,F,15,25,35
rturner,F,15,30,40
rvance,M,20,20,35
rvazquez,F,20,25,35
rverhoff,F,25,35,40
rwalker,M,15,45,50
rwang,F,15,15,30
rward,F,15,25,30
rwashington,M,3,45,55
rwatson,F,15,25,35
rwhite,M,15,25,35
rwilliams,F,20,30,40
rwilson,F,10,18,25
rwood,M,20,20,30
rwright,M,20,35,40
rwu,F,5,20,30
rxie,F,5,25,40
rxu,F,10,35,40
ryang,F,15,15,25
rye,F,10,30,40
ryoung,M,10,25,40
ryuan,F,5,20,25
rzeng,F,20,30,45
rzhang,F,25,35,45
rzhao,F,3,20,25
rzheng,F,20,45,55
rzhou,F,5,45,50
rzhu,F,3,15,30
sadams,M,20,20,25
salexander,M,15,30,40
sallen,M,10,25,40
salonso,M,20,40,55
salvarez,M,20,50,55
sanand,F,10,20,30
sandersen,F,20,20,25
sanderson,F,5,35,50
sarun,F,25,35,40
sbailey,F,10,45,50
sbaker,M,15,35,40
sbarnes,M,20,20,25
sbell,F,25,35,40
sbennett,M,25,25,35
sblack,F,15,15,25
sblanco,M,25,15,25
sbrooks,F,15,30,35
sbrown,M,10,35,45
sbryant,M,10,20,30
sbutler,F,3,25,35
scai,M,10,35,45
scampbell,F,10,30,40
scarlson,M,15,35,40
scarson,M,15,25,30
scarter,F,20,25,30
schander,F,15,30,35
schander,M,15,30,35
schandra,F,10,18,25
schapman,F,10,15,30
schen,M,10,35,40
sclark,M,3,25,35
scoleman,M,10,45,50
scollins,F,15,35,45
scook,F,15,20,25
scooper,F,15,35,50
scox,F,20,45,50
sdavis,M,20,30,35
sdeng,F,15,45,50
sdiaz,M,10,30,40
sdominguez,M,15,20,25
sedwards,F,15,45,50
sevans,F,10,30,35
sfernandez,F,20,25,30
sflores,F,20,45,55
sfoster,F,15,20,25
sgao,M,10,30,40
sgarcia,F,20,30,45
sgill,M,15,30,35
sgoel,F,3,35,45
sgomez,M,3,15,25
sgonzales,F,5,15,25
sgonzales,M,5,15,25
sgonzalez,M,15,35,45
sgray,F,25,18,25
sgreen,M,5,18,25
sgriffin,M,15,30,40
sguo,M,3,35,45
sgutierrez,M,20,20,30
shall,M,20,20,25
sharris,M,3,20,30
shayes,M,25,40,50
she,M,5,45,50
shee,M,15,35,45
shenderson,F,10,40,50
shernandez,M,10,35,45
shill,F,15,40,55
showard,F,10,35,40
shu,M,20,20,30
shuang,M,15,35,45
shughes,F,15,30,35
sjackson,M,5,35,45
sjai,F,20,30,35
sjames,F,15,35,45
sjenkins,F,20,40,45
sjohnston,F,10,35,40
sjones,F,15,35,45
skapoor,F,20,25,30
skelly,F,15,35,45
sking,M,10,18,25
skovar,F,15,25,35
skumar,F,20,40,50
slal,F,3,30,40
slee,M,5,20,25
slewis,M,25,25,35
sli,M,25,30,35
sliang,M,10,18,25
slin,M,3,25,35
sliu,M,15,20,30
slong,M,20,25,30
slopez,M,15,30,45
slu,M,15,25,35
sluo,F,15,20,25
sma,M,15,18,25
smadan,F,20,25,30
smalhotra,F,25,20,30
smartin,M,20,45,50
smartinez,M,25,18,25
smehta,M,15,25,30
smiller,M,15,18,25
smitchell,M,15,45,50
smohamed,M,15,40,45
smoreno,M,25,30,45
smorgan,F,15,20,30
smorris,F,15,40,50
smunoz,M,3,25,35
smurphy,M,20,30,40
snara,F,5,40,55
snath,F,20,20,30
snavarro,M,20,40,50
snelson,F,10,20,30
sortega,M,20,25,35
spal,F,15,35,45
sparker,F,20,25,35
spatterson,F,15,20,30
spearson,F,15,45,55
sperez,M,15,30,40
sperry,M,25,25,35
speterson,F,10,40,50
sphillips,F,15,20,30
spowell,F,20,40,50
sprice,F,15,25,35
srai,F,5,25,35
srailson,F,10,40,45
sraje,F,10,20,25
sraji,F,20,40,50
sraman,F,15,20,25
sramirez,F,20,20,30
sramos,M,20,40,55
srana,F,5,35,45
sreed,M,25,40,50
srichardson,F,15,30,35
srivera,F,10,40,50
sroberts,F,15,45,55
srobinson,F,15,20,25
srodriguez,F,10,45,55
srogers,F,15,18,25
sromero,M,15,25,35
sross,F,3,20,30
srubio,F,5,30,40
sruiz,M,15,40,45
srussell,M,20,20,25
ssai,F,15,30,35
ssanchez,F,20,20,25
ssanders,F,20,40,50
ssanz,F,10,40,45
sschmidt,F,15,20,25
sscott,F,3,40,45
sserrano,M,20,18,25
sshan,F,15,20,30
ssharma,F,5,35,45
sshe,F,3,40,45
sshen,F,10,40,45
ssimmons,M,15,40,50
ssmith,M,5,35,45
ssrini,F,25,20,30
sstewart,F,5,25,35
ssuarez,M,20,20,30
ssubram,F,10,35,45
ssun,M,20,30,40
ssuri,F,15,45,50
stang,F,15,20,25
staylor,F,3,30,45
sthomas,M,10,30,35
sthompson,M,20,30,35
storres,F,15,40,50
sturner,F,10,35,40
suppal,F,5,40,50
svazquez,M,10,25,35
swalker,F,5,20,30
swang,M,20,35,50
sward,F,15,25,30
swashington,F,10,35,40
swatson,F,10,40,50
swhite,M,10,40,55
swilliams,M,25,30,40
swilson,M,20,30,40
swinston,F,10,15,25
swood,M,10,40,45
swright,F,15,30,40
swright,M,15,30,40
swu,M,10,20,25
sxie,F,10,35,45
sxu,F,20,40,50
syang,M,5,25,30
sye,M,10,25,30
syoung,F,3,15,25
syuan,F,25,40,50
szeng,M,15,35,40
szhang,F,25,20,30
szhao,M,5,25,35
szheng,M,3,20,30
szhou,M,20,40,45
szhu,M,3,20,25
tadams,F,10,35,45
tallen,F,3,40,50
talonso,M,10,35,40
talvarez,M,20,18,25
tanand,M,5,20,30
tandersen,M,15,30,40
tanderson,F,25,40,50
tarthur,F,3,25,35
tbailey,F,15,30,40
tbaker,F,20,40,45
tbell,F,5,20,25
tblack,M,20,25,35
tblanco,M,25,30,45
tbrooks,F,20,30,40
tbrown,F,3,35,45
tcai,M,15,35,40
tcampbell,F,15,40,45
tcarlson,M,20,40,45
tcarter,F,5,40,50
tchampion,F,10,30,40
tchande,F,20,35,35
tchander,M,10,35,45
tchandra,M,10,20,25
tchen,M,15,45,55
tchow,F,20,45,55
tclark,F,20,45,55
tcollins,F,20,20,25
tcook,F,3,25,30
tcooper,F,20,30,35
tcox,F,10,45,55
tdavis,F,15,25,30
tdeng,F,15,40,50
tdiaz,M,15,40,50
tdominguez,M,10,35,40
tedwards,F,10,20,30
tevans,F,10,35,45
tfernandez,M,15,20,35
tgao,M,20,40,50
tgarcia,M,20,18,25
tgill,M,15,25,35
tgoldberg,F,10,35,45
tgoldberg,M,10,35,45
tgomez,M,10,40,50
tgonzalez,M,25,35,45
tgray,F,20,45,55
tgreen,F,10,35,45
tguo,F,15,25,35
tgutierrez,M,5,40,45
thall,F,15,15,30
tharris,M,15,45,55
the,F,10,30,40
thernandez,F,3,40,50
thill,F,3,30,35
thoward,F,15,25,35
thu,M,10,40,45
thuang,M,15,35,40
tjackson,F,15,30,35
tjai,F,3,40,50
tjai,M,3,40,50
tjames,F,20,25,35
tjimenez,M,3,20,25
tjohnson,F,15,40,50
tjohnston,M,10,20,30
tjones,F,3,35,45
tkapoor,M,20,20,30
tkelly,F,5,18,25
tking,F,10,25,35
tkumar,F,10,25,30
tlal,M,20,40,50
tlee,F,20,25,35
tlewis,F,20,20,30
tli,M,5,30,35
tliang,M,10,40,50
tlin,M,5,30,35
tlopez,F,10,20,30
tlu,F,25,25,35
tluo,M,20,30,35
tma,F,20,15,25
tmadan,M,20,25,40
tmalhotra,M,15,30,40
tmartin,F,10,25,30
tmartinez,F,5,25,35
tmartinez,M,5,25,35
tmehta,M,20,30,40
tmiller,F,15,35,45
tmitchell,F,25,30,40
tmoore,F,10,35,45
tmorgan,F,25,20,35
tmorris,F,10,25,35
tmunoz,M,15,20,25
tmurphy,F,15,30,40
tnara,F,10,25,30
tnath,M,15,35,40
tnatsuhara,F,15,45,50
tnavarro,F,15,40,45
tnelson,F,15,30,40
tortega,M,10,30,45
tpal,M,10,35,45
tparker,F,10,25,30
tperez,F,25,20,35
tpeterson,F,15,18,25
tphillips,F,10,25,30
tprasad,M,10,40,45
trai,F,25,40,45
traje,F,15,20,30
traji,M,20,30,35
tramirez,F,20,20,30
tramos,M,20,20,30
trana,M,15,45,50
treed,F,5,45,50
trivera,F,10,15,25
troberts,F,20,35,50
trobinson,F,20,35,50
trodriguez,M,20,20,25
trogers,F,25,40,50
tromero,F,15,40,45
trowe,F,25,30,40
trubio,M,20,40,50
truiz,M,20,35,45
tsai,F,25,35,40
tsanchez,M,15,45,50
tsanders,F,25,40,45
tsara,F,15,20,30
tscott,F,20,25,35
tserrano,M,20,40,45
tshan,F,20,20,30
tsharma,F,15,20,30
tshe,F,10,40,50
tshen,F,15,30,40
tsmith,F,20,40,45
tstewart,F,20,15,25
tsubram,M,3,30,40
tsun,F,10,45,50
tsuri,F,3,25,35
ttang,F,20,20,25
ttaylor,F,5,40,55
tthomas,F,15,25,30
tthompson,F,20,20,25
ttorres,M,15,40,50
tturner,F,15,25,30
tvance,M,15,35,40
tvazquez,M,20,50,55
twalker,F,15,20,25
twang,F,25,20,25
tward,M,5,30,40
twatson,F,20,30,45
twhite,F,15,25,30
twilliams,F,10,30,40
twilson,F,20,35,40
twright,F,10,35,40
twu,M,3,20,25
txie,M,20,20,30
txu,F,20,25,35
tyang,M,15,20,30
tye,M,15,30,40
tyoung,F,10,30,40
tyuan,F,10,35,45
tzeng,M,20,30,35
tzhang,F,3,45,50
tzhao,F,3,40,50
tzheng,F,5,15,25
tzhou,M,5,40,45
tzhu,M,15,35,45
valexander,M,5,40,45
valvarez,F,5,35,40
vanderson,M,25,35,40
vbailey,M,15,45,50
vbarnes,M,15,35,45
vbennett,M,10,20,30
vblanco,F,15,40,50
vbradley,M,15,35,45
vbrooks,M,15,25,35
vbrown,M,10,40,50
vbryant,M,3,40,55
vbutler,M,5,15,25
vcai,F,15,30,35
vcarlson,F,25,30,35
vchen,M,20,30,40
vclark,M,15,15,30
vcoleman,M,20,15,25
vcook,M,10,20,25
vcooper,M,20,20,30
vcox,M,25,35,50
vdavis,M,15,20,25
vdiaz,M,25,20,30
vdominguez,F,10,35,40
vgao,F,20,25,40
vgarcia,M,20,30,35
vgill,F,3,35,45
vgomez,F,5,40,50
vgonzales,M,20,20,30
vgray,M,25,20,30
vgriffin,M,25,45,50
vguo,F,25,18,25
vgutierrez,F,15,18,25
vhall,M,10,35,40
vharrison,M,15,45,55
vhe,M,10,40,45
vhenderson,M,15,30,40
vhernandez,M,10,25,30
vhoward,M,15,20,30
vhu,F,5,40,45
vhuang,M,20,20,30
vhughes,M,25,40,50
vjackson,M,5,45,55
vjames,M,15,20,30
vjenkins,M,15,45,55
vjimenez,F,20,40,45
vjohnson,M,10,25,35
vjones,M,20,20,25
vlee,M,15,25,30
vlewis,M,15,35,45
vli,M,15,45,50
vliang,M,15,35,45
vlin,F,15,25,30
vliu,M,20,40,50
vlong,M,15,25,35
vlu,F,25,30,40
vma,F,5,35,45
vmartin,F,20,35,40
vmiller,M,15,30,35
vmoore,M,15,20,30
vmoreno,F,15,30,35
vmorgan,M,10,40,50
vmorris,M,3,40,50
vmuñoz,F,5,15,25
vmurphy,M,25,25,30
vortega,F,10,15,25
vpatterson,M,25,40,45
vperry,M,10,45,50
vpeterson,M,15,35,45
vpowell,M,25,30,40
vprice,M,20,40,45
vramirez,M,20,35,45
vramos,F,15,35,45
vreed,M,15,20,30
vrichardson,M,5,35,40
vrivera,M,20,35,45
vrodriguez,M,10,25,35
vrogers,M,10,40,45
vromero,F,15,25,35
vrubio,F,15,35,45
vruiz,F,5,45,55
vrussell,M,25,15,25
vsanchez,M,5,35,45
vsanders,M,10,35,45
vsanz,F,3,30,40
vshe,M,20,30,40
vsimmons,M,10,40,45
vsmith,F,10,35,45
vstewart,M,15,30,40
vsuarez,F,15,20,30
vsun,F,25,30,35
vtaylor,F,10,20,30
vthomas,M,25,40,50
vthompson,M,15,30,35
vtorres,F,10,40,45
vvazquez,F,10,30,40
vwalker,M,10,40,50
vwang,F,15,25,35
vware,M,10,20,30
vwashington,M,20,25,35
vwatson,M,20,20,30
vwhite,M,15,20,30
vwilliams,F,3,18,25
vwilson,M,15,35,40
vwood,M,10,35,40
vwu,M,5,30,40
vxu,M,10,45,50
vyang,M,5,45,50
vye,F,5,15,30
vzeng,M,10,40,50
vzhang,M,20,35,45
vzhao,F,15,20,30
vzheng,M,10,15,25
vzhou,F,10,35,45
vzhu,M,20,30,40
walonso,F,10,20,25
walvarez,M,10,20,25
wanand,F,20,30,40
wandersen,F,15,20,30
wanderson,F,10,15,25
wblack,F,20,40,45
wblanco,M,10,40,55
wbrown,F,10,45,50
wcai,F,5,30,45
wcarlson,M,5,40,50
wchande,F,20,40,45
wchande,M,20,40,45
wchander,F,15,40,50
wchen,F,5,25,30
wclark,F,10,20,30
wdavis,F,10,40,50
wdeng,F,10,35,45
wdominguez,F,10,18,25
wgao,F,20,30,40
wgill,M,20,35,40
wgoel,F,15,20,30
wguo,F,10,20,30
wguo,M,10,20,30
wgutierrez,F,20,20,30
wharris,F,3,30,40
whe,F,15,40,45
whernandez,F,20,20,30
whuang,F,20,30,40
wjimenez,F,10,40,50
wjohnsen,F,3,30,40
wjohnson,F,10,45,50
wjones,M,10,40,50
wkumar,F,3,40,45
wlee,F,10,40,50
wlewis,F,15,40,45
wliang,F,15,30,40
wlin,F,10,20,25
wliu,F,10,45,50
wlu,F,15,25,35
wluo,F,5,35,45
wma,F,15,18,25
wmartin,F,10,20,30
wmartinez,F,25,25,30
wmiller,F,15,30,35
wmoore,F,10,30,35
wmoreno,M,15,45,50
wmunoz,F,10,18,25
wnara,F,10,40,50
wnavarro,F,20,25,35
wortega,M,15,40,50
wpal,F,5,20,30
wrai,F,3,20,30
wraje,F,20,25,30
wraji,F,10,45,50
wramos,F,15,40,50
wrobinson,F,3,35,45
wrodriguez,F,20,30,35
wromero,F,5,35,45
wrubio,F,20,20,30
wsanz,M,10,40,45
wserrano,M,20,25,35
wshan,F,10,45,50
wsharma,F,10,45,50
wsharma,M,10,45,50
wshe,F,3,25,40
wshen,F,3,40,50
wsmith,F,15,45,55
wsuarez,M,15,20,30
wsun,F,20,25,30
wtang,F,5,25,35
wtaylor,M,25,25,35
wthomas,F,5,35,40
wthompson,F,5,30,40
wtorres,F,5,35,45
wvazquez,F,15,30,40
wwalker,F,5,35,40
wwang,F,5,40,50
wwhite,F,15,25,35
wwilliams,F,20,35,40
wwilliams,M,20,35,40
wxu,F,20,18,25
wye,F,5,40,50
wyuan,F,15,45,50
wzhang,F,15,35,50
wzhao,F,3,20,30
wzheng,F,20,20,30
wzhu,F,20,40,50
